BinarySearch_1_llm.dfy;44
BubbleSort_10_llm.dfy;172
BubbleSort_1_llm.dfy;132
BubbleSort_2_llm.dfy;137
BubbleSort_3_llm.dfy;153
BubbleSort_4_llm.dfy;164
BubbleSort_5_llm.dfy;164
BubbleSort_6_llm.dfy;163
BubbleSort_7_llm.dfy;163
BubbleSort_8_llm.dfy;172
BubbleSort_9_llm.dfy;172
Catalan_1_llm.dfy;48
Catalan_2_llm.dfy;70
Catalan_3_llm.dfy;73
Catalan_4_llm.dfy;74
Catalan_5_llm.dfy;74
Catalan_6_llm.dfy;74
Catalan_7_llm.dfy;96
CombNK_1_llm.dfy;70
CountDistinct_1_llm.dfy;34
CountDistinct_2_llm.dfy;70
CountDistinct_3_llm.dfy;70
CountDistinct_4_llm.dfy;73
Div_1_llm.dfy;21
Factorial_1_llm.dfy;24
FastExponentiation_1_llm.dfy;74
FastExponentiation_2_llm.dfy;100
FastExponentiation_3_llm.dfy;119
FastExponentiation_4_llm.dfy;122
FastModularExponentiation_10_llm.dfy;236
FastModularExponentiation_1_llm.dfy;117
FastModularExponentiation_2_llm.dfy;140
FastModularExponentiation_3_llm.dfy;120
FastModularExponentiation_4_llm.dfy;122
FastModularExponentiation_5_llm.dfy;137
FastModularExponentiation_6_llm.dfy;200
FastModularExponentiation_7_llm.dfy;204
FastModularExponentiation_8_llm.dfy;223
FastModularExponentiation_9_llm.dfy;242
Fibonacci_1_llm.dfy;31
FindMax_1_llm.dfy;29
InsertionSort_1_llm.dfy;74
InsertionSort_2_llm.dfy;213
InsertionSort_3_llm.dfy;218
InsertionSort_4_llm.dfy;259
InsertionSort_5_llm.dfy;277
IntersectIntervals_1_llm.dfy;40
IntersectIntervals_2_llm.dfy;75
IntersectIntervals_3_llm.dfy;105
IntersectIntervals_4_llm.dfy;107
LinearSearch_1_llm.dfy;24
LinearSearch_2_llm.dfy;26
LinearSearch_3_llm.dfy;28
LinearSearch_4_llm.dfy;35
LinearSearch_5_llm.dfy;62
LinearSearch_6_llm.dfy;67
LinearSearch_7_llm.dfy;71
LinearSearch_8_llm.dfy;75
LongestPrefix_1_llm.dfy;21
LongestPrefix_2_llm.dfy;44
MakeBuckets_1_llm.dfy;63
MakeBuckets_2_llm.dfy;78
MakeBuckets_3_llm.dfy;89
MakeBuckets_4_llm.dfy;126
MakeBuckets_5_llm.dfy;153
MaxDistEqual_1_llm.dfy;50
MaxDistEqual_2_llm.dfy;119
MaxDistEqual_3_llm.dfy;151
MaxDistEqual_4_llm.dfy;158
Merge_1_llm.dfy;83
Merge_2_llm.dfy;209
Merge_3_llm.dfy;211
Merge_4_llm.dfy;258
Mode_1_llm.dfy;63
Mode_2_llm.dfy;93
Mode_3_llm.dfy;97
PartitionOddEven_1_llm.dfy;34
PartitionOddEven_2_llm.dfy;153
PartitionOddEven_3_llm.dfy;171
PrimeFactors_10_llm.dfy;266
PrimeFactors_1_llm.dfy;71
PrimeFactors_2_llm.dfy;177
PrimeFactors_3_llm.dfy;226
PrimeFactors_4_llm.dfy;226
PrimeFactors_5_llm.dfy;227
PrimeFactors_6_llm.dfy;228
PrimeFactors_7_llm.dfy;227
PrimeFactors_8_llm.dfy;230
PrimeFactors_9_llm.dfy;253
RawSort_1_llm.dfy;36
RawSort_2_llm.dfy;96
RawSort_3_llm.dfy;101
Recaman_10_llm.dfy;111
Recaman_1_llm.dfy;51
Recaman_2_llm.dfy;86
Recaman_3_llm.dfy;89
Recaman_4_llm.dfy;108
Recaman_5_llm.dfy;107
Recaman_6_llm.dfy;107
Recaman_7_llm.dfy;118
Recaman_8_llm.dfy;126
Recaman_9_llm.dfy;108
RotateLeft_1_llm.dfy;25
SelectionSort_1_llm.dfy;42
SelectionSort_2_llm.dfy;120
SelectionSort_3_llm.dfy;207
SelectionSort_4_llm.dfy;206
SelectionSort_5_llm.dfy;206
SelectionSort_6_llm.dfy;210
task_id_105_1_llm.dfy;54
task_id_105_2_llm.dfy;76
task_id_106_1_llm.dfy;25
task_id_113_1_llm.dfy;33
task_id_113_2_llm.dfy;47
task_id_126_1_llm.dfy;56
task_id_126_2_llm.dfy;142
task_id_126_3_llm.dfy;179
task_id_126_4_llm.dfy;222
task_id_126_5_llm.dfy;298
task_id_126_6_llm.dfy;298
task_id_126_7_llm.dfy;304
task_id_133_1_llm.dfy;39
task_id_133_2_llm.dfy;47
task_id_145_1_llm.dfy;67
task_id_145_2_llm.dfy;83
task_id_145_3_llm.dfy;82
task_id_145_4_llm.dfy;125
task_id_161_1_llm.dfy;46
task_id_161_2_llm.dfy;48
task_id_161_3_llm.dfy;177
task_id_170_1_llm.dfy;32
task_id_170_2_llm.dfy;35
task_id_18_1_llm.dfy;26
task_id_18_2_llm.dfy;43
task_id_18_3_llm.dfy;136
task_id_18_4_llm.dfy;198
task_id_230_1_llm.dfy;32
task_id_230_2_llm.dfy;78
task_id_230_3_llm.dfy;86
task_id_249_10_llm.dfy;85
task_id_249_1_llm.dfy;33
task_id_249_2_llm.dfy;48
task_id_249_3_llm.dfy;93
task_id_249_4_llm.dfy;80
task_id_249_5_llm.dfy;83
task_id_249_6_llm.dfy;85
task_id_249_7_llm.dfy;85
task_id_249_8_llm.dfy;85
task_id_249_9_llm.dfy;85
task_id_251_1_llm.dfy;22
task_id_251_2_llm.dfy;53
task_id_251_3_llm.dfy;57
task_id_251_4_llm.dfy;57
task_id_251_5_llm.dfy;69
task_id_251_6_llm.dfy;123
task_id_261_10_llm.dfy;86
task_id_261_1_llm.dfy;38
task_id_261_2_llm.dfy;63
task_id_261_3_llm.dfy;75
task_id_261_4_llm.dfy;83
task_id_261_5_llm.dfy;83
task_id_261_6_llm.dfy;85
task_id_261_7_llm.dfy;86
task_id_261_8_llm.dfy;86
task_id_261_9_llm.dfy;86
task_id_267_1_llm.dfy;52
task_id_267_2_llm.dfy;52
task_id_267_3_llm.dfy;51
task_id_267_4_llm.dfy;79
task_id_267_5_llm.dfy;79
task_id_267_6_llm.dfy;78
task_id_267_7_llm.dfy;78
task_id_267_8_llm.dfy;78
task_id_267_9_llm.dfy;79
task_id_273_1_llm.dfy;28
task_id_282_1_llm.dfy;28
task_id_284_1_llm.dfy;26
task_id_284_2_llm.dfy;33
task_id_284_3_llm.dfy;34
task_id_284_4_llm.dfy;38
task_id_290_1_llm.dfy;25
task_id_290_2_llm.dfy;67
task_id_2_10_llm.dfy;158
task_id_2_1_llm.dfy;71
task_id_2_2_llm.dfy;90
task_id_2_3_llm.dfy;88
task_id_2_4_llm.dfy;113
task_id_2_5_llm.dfy;127
task_id_2_6_llm.dfy;133
task_id_2_7_llm.dfy;133
task_id_2_8_llm.dfy;133
task_id_2_9_llm.dfy;142
task_id_310_1_llm.dfy;25
task_id_399_1_llm.dfy;20
task_id_3_1_llm.dfy;22
task_id_3_2_llm.dfy;26
task_id_3_3_llm.dfy;30
task_id_401_1_llm.dfy;43
task_id_401_2_llm.dfy;85
task_id_401_3_llm.dfy;84
task_id_401_4_llm.dfy;84
task_id_401_5_llm.dfy;88
task_id_401_6_llm.dfy;92
task_id_414_1_llm.dfy;28
task_id_414_2_llm.dfy;33
task_id_424_1_llm.dfy;30
task_id_426_1_llm.dfy;40
task_id_426_2_llm.dfy;50
task_id_426_3_llm.dfy;73
task_id_426_4_llm.dfy;146
task_id_426_5_llm.dfy;178
task_id_431_1_llm.dfy;38
task_id_431_2_llm.dfy;60
task_id_433_1_llm.dfy;19
task_id_433_2_llm.dfy;21
task_id_433_3_llm.dfy;51
task_id_436_1_llm.dfy;31
task_id_436_2_llm.dfy;50
task_id_436_3_llm.dfy;73
task_id_436_4_llm.dfy;87
task_id_436_5_llm.dfy;87
task_id_436_6_llm.dfy;93
task_id_436_7_llm.dfy;116
task_id_436_8_llm.dfy;134
task_id_445_1_llm.dfy;20
task_id_447_1_llm.dfy;22
task_id_454_1_llm.dfy;26
task_id_454_2_llm.dfy;32
task_id_457_1_llm.dfy;27
task_id_470_1_llm.dfy;23
task_id_472_10_llm.dfy;69
task_id_472_1_llm.dfy;29
task_id_472_2_llm.dfy;43
task_id_472_3_llm.dfy;44
task_id_472_4_llm.dfy;45
task_id_472_5_llm.dfy;46
task_id_472_6_llm.dfy;47
task_id_472_7_llm.dfy;52
task_id_472_8_llm.dfy;62
task_id_472_9_llm.dfy;65
task_id_474_1_llm.dfy;34
task_id_474_2_llm.dfy;65
task_id_474_3_llm.dfy;70
task_id_476_1_llm.dfy;76
task_id_476_2_llm.dfy;74
task_id_477_1_llm.dfy;27
task_id_555_1_llm.dfy;53
task_id_557_1_llm.dfy;24
task_id_566_1_llm.dfy;29
task_id_567_1_llm.dfy;32
task_id_567_2_llm.dfy;46
task_id_572_1_llm.dfy;63
task_id_572_2_llm.dfy;107
task_id_572_3_llm.dfy;171
task_id_572_4_llm.dfy;171
task_id_572_5_llm.dfy;192
task_id_572_6_llm.dfy;201
task_id_573_10_llm.dfy;131
task_id_573_1_llm.dfy;58
task_id_573_2_llm.dfy;84
task_id_573_3_llm.dfy;84
task_id_573_4_llm.dfy;91
task_id_573_5_llm.dfy;93
task_id_573_6_llm.dfy;101
task_id_573_7_llm.dfy;131
task_id_573_8_llm.dfy;131
task_id_573_9_llm.dfy;131
task_id_576_10_llm.dfy;93
task_id_576_1_llm.dfy;40
task_id_576_2_llm.dfy;63
task_id_576_3_llm.dfy;62
task_id_576_4_llm.dfy;78
task_id_576_5_llm.dfy;79
task_id_576_6_llm.dfy;95
task_id_576_7_llm.dfy;93
task_id_576_8_llm.dfy;93
task_id_576_9_llm.dfy;92
task_id_578_1_llm.dfy;26
task_id_578_2_llm.dfy;47
task_id_578_3_llm.dfy;71
task_id_579_1_llm.dfy;70
task_id_579_2_llm.dfy;148
task_id_579_3_llm.dfy;164
task_id_579_4_llm.dfy;166
task_id_579_5_llm.dfy;181
task_id_579_6_llm.dfy;181
task_id_587_1_llm.dfy;17
task_id_594_1_llm.dfy;94
task_id_594_2_llm.dfy;115
task_id_599_1_llm.dfy;22
task_id_602_1_llm.dfy;52
task_id_602_2_llm.dfy;115
task_id_602_3_llm.dfy;133
task_id_605_1_llm.dfy;24
task_id_605_2_llm.dfy;30
task_id_605_3_llm.dfy;31
task_id_610_1_llm.dfy;31
task_id_616_1_llm.dfy;25
task_id_623_1_llm.dfy;32
task_id_623_2_llm.dfy;67
task_id_623_3_llm.dfy;63
task_id_623_4_llm.dfy;100
task_id_623_5_llm.dfy;104
task_id_623_6_llm.dfy;105
task_id_623_7_llm.dfy;119
task_id_624_1_llm.dfy;22
task_id_627_1_llm.dfy;82
task_id_627_2_llm.dfy;97
task_id_627_3_llm.dfy;147
task_id_627_4_llm.dfy;147
task_id_627_5_llm.dfy;261
task_id_627_6_llm.dfy;261
task_id_627_7_llm.dfy;281
task_id_627_8_llm.dfy;283
task_id_629_1_llm.dfy;42
task_id_629_2_llm.dfy;69
task_id_629_3_llm.dfy;87
task_id_629_4_llm.dfy;110
task_id_629_5_llm.dfy;116
task_id_62_1_llm.dfy;27
task_id_62_2_llm.dfy;51
task_id_632_10_llm.dfy;147
task_id_632_1_llm.dfy;46
task_id_632_2_llm.dfy;65
task_id_632_3_llm.dfy;101
task_id_632_4_llm.dfy;99
task_id_632_5_llm.dfy;105
task_id_632_6_llm.dfy;143
task_id_632_7_llm.dfy;143
task_id_632_8_llm.dfy;143
task_id_632_9_llm.dfy;147
task_id_644_1_llm.dfy;32
task_id_69_1_llm.dfy;26
task_id_69_2_llm.dfy;37
task_id_70_1_llm.dfy;29
task_id_70_2_llm.dfy;35
task_id_728_1_llm.dfy;23
task_id_732_1_llm.dfy;24
task_id_733_1_llm.dfy;39
task_id_733_2_llm.dfy;49
task_id_741_1_llm.dfy;33
task_id_741_2_llm.dfy;56
task_id_741_3_llm.dfy;61
task_id_741_4_llm.dfy;63
task_id_743_1_llm.dfy;26
task_id_751_1_llm.dfy;44
task_id_751_2_llm.dfy;51
task_id_755_1_llm.dfy;63
task_id_755_2_llm.dfy;97
task_id_760_1_llm.dfy;29
task_id_760_2_llm.dfy;35
task_id_760_3_llm.dfy;37
task_id_760_4_llm.dfy;40
task_id_760_5_llm.dfy;52
task_id_760_6_llm.dfy;55
task_id_760_7_llm.dfy;57
task_id_760_8_llm.dfy;60
task_id_769_1_llm.dfy;26
task_id_769_2_llm.dfy;45
task_id_770_1_llm.dfy;34
task_id_775_1_llm.dfy;25
task_id_775_2_llm.dfy;33
task_id_784_1_llm.dfy;58
task_id_784_2_llm.dfy;205
task_id_784_3_llm.dfy;211
task_id_790_1_llm.dfy;33
task_id_793_1_llm.dfy;37
task_id_793_2_llm.dfy;39
task_id_793_3_llm.dfy;105
task_id_793_4_llm.dfy;114
task_id_793_5_llm.dfy;109
task_id_798_1_llm.dfy;42
task_id_798_2_llm.dfy;59
task_id_798_3_llm.dfy;59
task_id_798_4_llm.dfy;65
task_id_803_1_llm.dfy;48
task_id_803_2_llm.dfy;102
task_id_803_3_llm.dfy;95
task_id_803_4_llm.dfy;114
task_id_803_5_llm.dfy;114
task_id_803_6_llm.dfy;150
task_id_804_1_llm.dfy;30
task_id_804_2_llm.dfy;33
task_id_804_3_llm.dfy;32
task_id_804_4_llm.dfy;40
task_id_804_5_llm.dfy;43
task_id_804_6_llm.dfy;48
task_id_807_1_llm.dfy;28
task_id_807_2_llm.dfy;32
task_id_807_3_llm.dfy;63
task_id_808_1_llm.dfy;27
task_id_808_2_llm.dfy;31
task_id_809_1_llm.dfy;28
task_id_809_2_llm.dfy;40
task_id_8_1_llm.dfy;23
task_id_95_1_llm.dfy;30
task_id_95_2_llm.dfy;72
